season,week,game_type,home_team,away_team,spread_line,model_spread,margin
2021,1,REG,TB,DAL,10.0,3.78,2
2021,1,REG,ATL,PHI,3.5,2.75,-26
2021,1,REG,BUF,PIT,6.5,4.66,-7
2021,1,REG,CAR,NYJ,3.5,6.54,5
2021,1,REG,CIN,MIN,-3.0,2.39,3
2021,1,REG,DET,SF,-9.5,-7.58,-8
2021,1,REG,HOU,JAX,-3.5,7.13,16
2021,1,REG,IND,SEA,-3.0,0.18,-12
2021,1,REG,TEN,ARI,2.5,5.01,-25
2021,1,REG,WAS,LAC,2.5,-1.05,-4
2021,1,REG,KC,CLE,5.5,11.02,4
2021,1,REG,NE,MIA,3.5,3.08,-1
2021,1,REG,NO,GB,-4.0,-5.98,35
2021,1,REG,NYG,DEN,-3.0,0.69,-14
2021,1,REG,LA,CHI,9.5,3.7,20
2021,1,REG,LV,BAL,-3.0,2.98,6
2021,2,REG,WAS,NYG,4.0,2.14,1
2021,2,REG,CAR,NO,-3.0,1.81,19
2021,2,REG,CHI,CIN,2.0,0.28,3
2021,2,REG,CLE,HOU,13.5,-0.22,10
2021,2,REG,IND,LA,-4.0,1.35,-3
2021,2,REG,JAX,DEN,-6.0,-1.49,-10
2021,2,REG,MIA,BUF,-3.5,-2.81,-35
2021,2,REG,NYJ,NE,-5.5,-4.04,-19
2021,2,REG,PHI,SF,-3.0,-1.84,-6
2021,2,REG,PIT,LV,5.5,0.33,-9
2021,2,REG,ARI,MIN,4.0,3.48,1
2021,2,REG,TB,ATL,13.5,6.92,23
2021,2,REG,LAC,DAL,3.0,0.24,-3
2021,2,REG,SEA,TEN,6.5,-0.95,-3
2021,2,REG,BAL,KC,-3.5,-6.02,1
2021,2,REG,GB,DET,11.5,14.68,18
2021,3,REG,HOU,CAR,-8.0,3.11,-15
2021,3,REG,BUF,WAS,7.5,7.08,22
2021,3,REG,CLE,CHI,7.5,2.51,20
2021,3,REG,DET,BAL,-7.5,-6.55,-2
2021,3,REG,JAX,ARI,-8.0,-3.52,-12
2021,3,REG,KC,LAC,6.5,9.17,-6
2021,3,REG,NE,NO,3.0,2.69,-15
2021,3,REG,NYG,ATL,3.0,0.18,-3
2021,3,REG,PIT,CIN,2.5,2.63,-14
2021,3,REG,TEN,IND,4.5,5.85,9
2021,3,REG,DEN,NYJ,10.5,5.71,26
2021,3,REG,LV,MIA,4.0,4.6,3
2021,3,REG,LA,TB,-1.0,-2.51,10
2021,3,REG,MIN,SEA,-2.0,-0.77,13
2021,3,REG,SF,GB,3.5,-2.02,-2
2021,3,REG,DAL,PHI,3.5,5.89,20
2021,4,REG,CIN,JAX,7.5,5.82,3
2021,4,REG,ATL,WAS,-1.0,2.75,-4
2021,4,REG,BUF,HOU,19.0,4.27,40
2021,4,REG,CHI,DET,3.0,7.51,10
2021,4,REG,DAL,CAR,4.5,4.5,8
2021,4,REG,MIA,IND,2.5,0.84,-10
2021,4,REG,MIN,CLE,-1.0,1.59,-7
2021,4,REG,NO,NYG,7.5,3.41,-6
2021,4,REG,NYJ,TEN,-5.5,-7.67,3
2021,4,REG,PHI,KC,-7.5,-8.53,-12
2021,4,REG,LA,ARI,3.5,1.2,-17
2021,4,REG,SF,SEA,2.5,1.97,-7
2021,4,REG,DEN,BAL,1.0,-0.26,-16
2021,4,REG,GB,PIT,6.5,6.52,10
2021,4,REG,NE,TB,-6.0,-2.32,-2
2021,4,REG,LAC,LV,3.0,0.64,14
2021,5,REG,SEA,LA,-2.5,2.86,-9
2021,5,REG,ATL,NYJ,3.0,4.52,7
2021,5,REG,CAR,PHI,2.5,3.08,-3
2021,5,REG,CIN,GB,-2.0,-4.06,-3
2021,5,REG,HOU,NE,-8.0,2.23,-3
2021,5,REG,JAX,TEN,-4.0,-6.84,-18
2021,5,REG,MIN,DET,10.0,8.22,2
2021,5,REG,PIT,DEN,-2.0,3.57,8
2021,5,REG,TB,MIA,11.0,7.09,28
2021,5,REG,WAS,NO,-2.5,0.42,-11
2021,5,REG,LAC,CLE,2.5,3.54,5
2021,5,REG,LV,CHI,5.5,5.4,-11
2021,5,REG,ARI,SF,6.0,0.74,7
2021,5,REG,DAL,NYG,7.5,6.34,24
2021,5,REG,KC,BUF,2.5,6.52,-18
2021,5,REG,BAL,IND,7.5,2.46,6
2021,6,REG,PHI,TB,-7.0,-4.59,-6
2021,6,REG,JAX,MIA,-2.5,-3.52,3
2021,6,REG,BAL,LAC,3.0,1.46,28
2021,6,REG,CAR,MIN,-2.5,2.29,-6
2021,6,REG,CHI,GB,-5.5,-5.47,-10
2021,6,REG,DET,CIN,-3.5,-5.54,-23
2021,6,REG,IND,HOU,10.5,0.62,28
2021,6,REG,NYG,LA,-7.5,-0.84,-27
2021,6,REG,WAS,KC,-6.0,-8.53,-18
2021,6,REG,CLE,ARI,3.0,0.01,-23
2021,6,REG,DEN,LV,5.0,-1.54,-10
2021,6,REG,NE,DAL,-3.5,-0.23,-6
2021,6,REG,PIT,SEA,5.5,0.86,3
2021,6,REG,TEN,BUF,-6.0,2.2,3
2021,7,REG,CLE,DEN,2.0,2.04,3
2021,7,REG,BAL,CIN,6.5,2.7,-24
2021,7,REG,GB,WAS,8.5,8.94,14
2021,7,REG,MIA,ATL,-1.5,1.52,-2
2021,7,REG,NE,NYJ,7.0,7.43,41
2021,7,REG,NYG,CAR,-3.0,-0.15,22
2021,7,REG,TEN,KC,-4.0,-2.63,24
2021,7,REG,LA,DET,17.0,9.51,9
2021,7,REG,LV,PHI,1.0,5.48,11
2021,7,REG,ARI,HOU,20.5,1.47,26
2021,7,REG,TB,CHI,12.5,7.9,35
2021,7,REG,SF,IND,3.5,3.49,-12
2021,7,REG,SEA,NO,-6.0,3.68,-3
2021,8,REG,ARI,GB,6.5,-2.97,-3
2021,8,REG,ATL,CAR,2.5,1.36,-6
2021,8,REG,BUF,MIA,15.0,6.2,15
2021,8,REG,CHI,SF,-4.5,-1.76,-11
2021,8,REG,CLE,PIT,5.5,0.17,-5
2021,8,REG,DET,PHI,-3.0,-4.04,-38
2021,8,REG,HOU,LA,-17.0,2.41,-16
2021,8,REG,IND,TEN,3.0,-2.47,-3
2021,8,REG,NYJ,CIN,-11.5,-3.26,3
2021,8,REG,LAC,NE,3.5,2.16,-3
2021,8,REG,SEA,JAX,4.0,7.58,24
2021,8,REG,DEN,WAS,4.0,2.24,7
2021,8,REG,NO,TB,-4.0,-3.32,9
2021,8,REG,MIN,DAL,4.5,-1.71,-4
2021,8,REG,KC,NYG,10.5,12.36,3
2021,9,REG,IND,NYJ,10.5,6.9,15
2021,9,REG,BAL,MIN,7.5,3.41,3
2021,9,REG,CAR,NE,-3.5,0.81,-18
2021,9,REG,CIN,CLE,2.5,2.29,-25
2021,9,REG,DAL,DEN,10.5,5.34,-14
2021,9,REG,JAX,BUF,-14.5,-6.33,3
2021,9,REG,MIA,HOU,4.0,-0.23,8
2021,9,REG,NO,ATL,7.0,1.9,-2
2021,9,REG,NYG,LV,-3.0,-2.54,7
2021,9,REG,PHI,LAC,-1.0,-1.05,-3
2021,9,REG,KC,GB,7.0,4.66,6
2021,9,REG,SF,ARI,5.5,2.65,-14
2021,9,REG,LA,TEN,7.0,-2.12,-12
2021,9,REG,PIT,CHI,7.0,4.04,2
2021,10,REG,MIA,BAL,-8.5,0.07,12
2021,10,REG,DAL,ATL,8.0,4.83,40
2021,10,REG,IND,JAX,10.5,6.06,6
2021,10,REG,NE,CLE,2.5,3.07,38
2021,10,REG,NYJ,BUF,-13.0,-7.16,-28
2021,10,REG,PIT,DET,9.0,9.85,0
2021,10,REG,TEN,NO,3.0,6.32,2
2021,10,REG,WAS,TB,-10.0,-4.59,10
2021,10,REG,ARI,CAR,7.0,2.89,-24
2021,10,REG,LAC,MIN,3.0,3.64,-7
2021,10,REG,DEN,PHI,1.0,2.24,-17
2021,10,REG,GB,SEA,3.0,5.68,17
2021,10,REG,LV,KC,-2.5,-4.74,-27
2021,10,REG,SF,LA,-3.5,3.14,21
2021,11,REG,ATL,NE,-7.0,0.48,-25
2021,11,REG,BUF,IND,7.5,5.34,-26
2021,11,REG,CAR,WAS,3.5,3.08,-6
2021,11,REG,CHI,BAL,-5.0,-0.73,-3
2021,11,REG,CLE,DET,13.0,8.33,3
2021,11,REG,JAX,SF,-6.5,-4.47,-20
2021,11,REG,MIN,GB,-1.0,-4.76,3
2021,11,REG,NYJ,MIA,-3.5,-2.65,-7
2021,11,REG,PHI,NO,2.5,0.42,11
2021,11,REG,TEN,HOU,10.5,4.79,-9
2021,11,REG,LV,CIN,-1.0,3.99,-19
2021,11,REG,KC,DAL,2.5,7.72,10
2021,11,REG,SEA,ARI,2.5,2.37,-10
2021,11,REG,LAC,PIT,5.5,2.01,4
2021,11,REG,TB,NYG,11.5,8.43,20
2021,12,REG,DET,CHI,-2.0,-4.13,-2
2021,12,REG,DAL,LV,7.0,2.1,-3
2021,12,REG,NO,BUF,-7.0,-2.43,-25
2021,12,REG,CIN,PIT,3.5,0.76,31
2021,12,REG,HOU,NYJ,3.0,7.96,-7
2021,12,REG,IND,TB,-3.0,-2.85,-7
2021,12,REG,JAX,ATL,-1.5,-2.0,-7
2021,12,REG,MIA,CAR,-1.0,1.19,23
2021,12,REG,NE,TEN,7.5,-1.94,23
2021,12,REG,NYG,PHI,-4.0,1.24,6
2021,12,REG,DEN,LAC,-2.5,-0.5,15
2021,12,REG,GB,LA,-2.0,6.86,8
2021,12,REG,SF,MIN,3.5,4.44,8
2021,12,REG,BAL,CLE,3.0,3.3,6
2021,12,REG,WAS,SEA,-1.0,-1.56,2
2021,13,REG,NO,DAL,-6.0,-1.23,-10
2021,13,REG,ATL,TB,-11.0,-3.53,-13
2021,13,REG,CHI,ARI,-7.5,-0.81,-11
2021,13,REG,CIN,LAC,2.5,0.44,-19
2021,13,REG,DET,MIN,-7.0,-4.84,2
2021,13,REG,HOU,IND,-10.0,2.76,-31
2021,13,REG,MIA,NYG,6.5,3.03,11
2021,13,REG,NYJ,PHI,-5.0,-1.77,-15
2021,13,REG,LA,JAX,14.0,6.41,30
2021,13,REG,LV,WAS,1.0,5.48,-2
2021,13,REG,PIT,BAL,-4.0,1.61,1
2021,13,REG,SEA,SF,-3.0,1.42,7
2021,13,REG,KC,DEN,8.5,11.36,13
2021,13,REG,BUF,NE,3.0,4.81,-4
2021,14,REG,MIN,PIT,3.5,0.06,8
2021,14,REG,CAR,ATL,2.5,2.02,-8
2021,14,REG,CLE,BAL,3.0,0.09,2
2021,14,REG,HOU,SEA,-10.0,1.24,-20
2021,14,REG,KC,LV,10.0,8.13,39
2021,14,REG,NYJ,NO,-4.5,-3.04,-21
2021,14,REG,TEN,JAX,8.5,10.23,20
2021,14,REG,WAS,DAL,-6.5,-2.5,-7
2021,14,REG,DEN,DET,13.0,7.98,28
2021,14,REG,LAC,NYG,9.5,4.88,16
2021,14,REG,CIN,SF,-2.5,-0.35,-3
2021,14,REG,TB,BUF,3.5,2.59,6
2021,14,REG,GB,CHI,11.5,8.86,15
2021,14,REG,ARI,LA,3.0,2.19,-7
2021,15,REG,LAC,KC,-3.0,-5.79,-6
2021,15,REG,IND,NE,-1.0,1.16,10
2021,15,REG,BUF,CAR,14.0,5.69,17
2021,15,REG,DET,ARI,-13.0,-6.63,18
2021,15,REG,JAX,HOU,6.0,-3.75,-14
2021,15,REG,MIA,NYJ,10.5,6.04,7
2021,15,REG,NYG,DAL,-11.5,-2.95,-15
2021,15,REG,PIT,TEN,1.0,-1.78,6
2021,15,REG,DEN,CIN,3.0,0.75,-5
2021,15,REG,SF,ATL,9.5,4.17,18
2021,15,REG,BAL,GB,-9.5,-3.05,-1
2021,15,REG,TB,NO,11.5,6.71,-9
2021,15,REG,CLE,LV,-3.0,-1.2,-2
2021,15,REG,CHI,MIN,-7.0,0.98,-8
2021,15,REG,LA,SEA,7.5,0.52,10
2021,15,REG,PHI,WAS,10.0,1.69,10
2021,16,REG,TEN,SF,-3.5,4.06,3
2021,16,REG,GB,CLE,7.5,8.04,2
2021,16,REG,ARI,IND,3.0,2.53,-6
2021,16,REG,ATL,DET,7.5,8.49,4
2021,16,REG,CAR,TB,-11.5,-3.2,-26
2021,16,REG,CIN,BAL,7.5,0.68,20
2021,16,REG,HOU,LAC,-13.5,1.76,12
2021,16,REG,MIN,LA,-3.5,0.4,-7
2021,16,REG,NE,BUF,1.0,-1.42,-12
2021,16,REG,NYJ,JAX,2.5,0.86,5
2021,16,REG,PHI,NYG,11.0,2.14,24
2021,16,REG,SEA,CHI,7.0,4.87,-1
2021,16,REG,KC,PIT,10.5,9.49,26
2021,16,REG,LV,DEN,-1.0,4.93,4
2021,16,REG,DAL,WAS,10.5,5.89,42
2021,16,REG,NO,MIA,-3.0,2.08,-17
2021,17,REG,BAL,LA,-7.0,2.11,-1
2021,17,REG,BUF,ATL,14.0,6.02,14
2021,17,REG,CHI,NYG,7.0,2.22,26
2021,17,REG,CIN,KC,-3.5,-7.04,3
2021,17,REG,IND,LV,8.5,-0.36,-3
2021,17,REG,NE,JAX,17.5,6.6,40
2021,17,REG,NYJ,TB,-14.5,-8.06,-4
2021,17,REG,TEN,MIA,3.0,6.71,31
2021,17,REG,WAS,PHI,-6.5,1.69,-4
2021,17,REG,LAC,DEN,8.0,3.88,21
2021,17,REG,SF,HOU,14.0,2.42,16
2021,17,REG,DAL,ARI,6.5,3.31,-3
2021,17,REG,NO,CAR,7.0,1.58,8
2021,17,REG,SEA,DET,8.5,10.69,22
2021,17,REG,GB,MIN,13.0,8.15,27
2021,17,REG,PIT,CLE,-1.0,3.22,12
2021,18,REG,DEN,KC,-11.5,-7.98,-4
2021,18,REG,PHI,DAL,-6.5,-2.5,-25
2021,18,REG,BAL,PIT,3.0,1.77,-3
2021,18,REG,CLE,CIN,6.5,1.1,5
2021,18,REG,DET,GB,-4.0,-11.29,7
2021,18,REG,HOU,TEN,-10.5,-1.4,-3
2021,18,REG,JAX,IND,-14.0,-2.68,15
2021,18,REG,MIN,CHI,3.5,2.4,14
2021,18,REG,NYG,WAS,-6.0,1.24,-15
2021,18,REG,ARI,SEA,5.5,1.02,-8
2021,18,REG,ATL,NO,-4.5,1.48,-10
2021,18,REG,BUF,NYJ,16.0,10.54,17
2021,18,REG,LA,SF,3.0,0.24,-3
2021,18,REG,MIA,NE,-6.0,0.3,9
2021,18,REG,TB,CAR,11.0,6.59,24
2021,18,REG,LV,LAC,-3.5,2.74,3
2021,19,WC,CIN,LV,6.0,-0.6,7
2021,19,WC,BUF,NE,4.5,4.81,30
2021,19,WC,TB,PHI,7.5,7.98,16
2021,19,WC,DAL,SF,3.0,2.35,-6
2021,19,WC,KC,PIT,13.0,9.49,21
2021,19,WC,LA,ARI,4.0,1.2,23
2021,20,DIV,TEN,CIN,4.0,6.1,-3
2021,20,DIV,GB,SF,5.5,5.41,-3
2021,20,DIV,TB,LA,2.5,5.89,-3
2021,20,DIV,KC,BUF,2.5,6.52,6
2021,21,CON,KC,CIN,7.0,10.42,-3
2021,21,CON,LA,SF,3.5,0.24,3
2021,22,SB,CIN,LA,-4.5,-0.59,-3
2022,1,REG,LA,BUF,-1.0,-2.55,-21
2022,1,REG,ATL,NO,-6.0,-4.96,-1
2022,1,REG,CAR,CLE,2.5,-1.11,-2
2022,1,REG,CHI,SF,-6.5,-9.01,9
2022,1,REG,CIN,PIT,7.5,4.04,-3
2022,1,REG,DET,PHI,-6.0,-5.36,-3
2022,1,REG,HOU,IND,-7.0,2.93,0
2022,1,REG,MIA,NE,3.0,3.17,13
2022,1,REG,NYJ,BAL,-6.5,-1.24,-15
2022,1,REG,WAS,JAX,3.0,2.57,6
2022,1,REG,ARI,KC,-6.0,-5.1,-23
2022,1,REG,LAC,LV,3.5,4.52,5
2022,1,REG,MIN,GB,2.5,0.49,16
2022,1,REG,TEN,NYG,5.5,2.9,-1
2022,1,REG,DAL,TB,-2.5,2.84,-16
2022,1,REG,SEA,DEN,-6.0,3.13,1
2022,2,REG,KC,LAC,4.0,4.04,3
2022,2,REG,BAL,MIA,3.0,2.06,-4
2022,2,REG,CLE,NYJ,6.5,4.57,-1
2022,2,REG,DET,WAS,-1.0,-0.19,9
2022,2,REG,JAX,IND,-3.0,2.4,24
2022,2,REG,NO,TB,-2.5,-0.17,-10
2022,2,REG,NYG,CAR,-1.0,-0.05,3
2022,2,REG,PIT,NE,-3.0,2.84,-3
2022,2,REG,LA,ATL,10.5,5.56,4
2022,2,REG,SF,SEA,8.5,7.1,20
2022,2,REG,DAL,CIN,-7.5,2.97,3
2022,2,REG,DEN,HOU,10.5,1.21,7
2022,2,REG,LV,ARI,5.5,3.31,-6
2022,2,REG,GB,CHI,10.5,11.85,17
2022,2,REG,BUF,TEN,10.0,6.47,34
2022,2,REG,PHI,MIN,2.5,2.59,17
2022,3,REG,CLE,PIT,4.5,2.32,12
2022,3,REG,CAR,NO,-2.0,-1.1,8
2022,3,REG,CHI,HOU,3.0,-2.65,3
2022,3,REG,IND,KC,-4.5,-5.75,3
2022,3,REG,MIA,BUF,-4.0,-0.06,2
2022,3,REG,MIN,DET,6.5,7.85,4
2022,3,REG,NE,BAL,-2.5,-0.14,-11
2022,3,REG,NYJ,CIN,-6.5,-2.9,-15
2022,3,REG,TEN,LV,-1.5,0.55,2
2022,3,REG,WAS,PHI,-6.0,-3.48,-16
2022,3,REG,LAC,JAX,6.5,6.08,-28
2022,3,REG,ARI,LA,-3.5,0.68,-8
2022,3,REG,SEA,ATL,1.0,6.1,-4
2022,3,REG,TB,GB,1.0,0.94,-2
2022,3,REG,DEN,SF,-1.0,-5.16,1
2022,3,REG,NYG,DAL,1.0,-5.84,-7
2022,4,REG,CIN,MIA,4.0,3.72,12
2022,4,REG,NO,MIN,-4.0,-1.42,-3
2022,4,REG,ATL,CLE,-1.0,-4.97,3
2022,4,REG,BAL,BUF,-3.0,0.31,-3
2022,4,REG,DAL,WAS,3.0,7.56,15
2022,4,REG,DET,SEA,3.0,-0.8,-3
2022,4,REG,HOU,LAC,-5.5,-2.16,-10
2022,4,REG,IND,TEN,4.5,0.58,-7
2022,4,REG,NYG,CHI,3.0,4.71,8
2022,4,REG,PHI,JAX,6.5,7.74,8
2022,4,REG,PIT,NYJ,3.0,3.94,-4
2022,4,REG,CAR,ARI,1.0,2.7,-10
2022,4,REG,GB,NE,10.0,6.08,3
2022,4,REG,LV,DEN,2.5,3.2,9
2022,4,REG,TB,KC,1.0,0.56,-10
2022,4,REG,SF,LA,1.0,7.64,15
2022,5,REG,DEN,IND,3.5,2.45,-3
2022,5,REG,GB,NYG,8.5,7.15,-5
2022,5,REG,BUF,PIT,14.0,3.76,35
2022,5,REG,CLE,LAC,-1.0,1.05,-2
2022,5,REG,JAX,HOU,7.0,1.16,-7
2022,5,REG,MIN,CHI,10.0,10.65,7
2022,5,REG,NE,DET,3.0,4.67,29
2022,5,REG,NO,SEA,5.5,3.94,7
2022,5,REG,NYJ,MIA,-3.0,-0.88,23
2022,5,REG,TB,ATL,10.5,10.21,6
2022,5,REG,WAS,TEN,-1.0,2.16,-4
2022,5,REG,CAR,SF,-6.0,-4.26,-22
2022,5,REG,ARI,PHI,-5.5,-4.42,-3
2022,5,REG,LA,DAL,5.5,-4.1,-12
2022,5,REG,BAL,CIN,3.0,0.03,2
2022,5,REG,KC,LV,7.5,6.87,1
2022,6,REG,CHI,WAS,-1.0,-2.99,-5
2022,6,REG,ATL,SF,-3.5,-8.13,14
2022,6,REG,CLE,NE,2.5,3.47,-23
2022,6,REG,GB,NYJ,7.5,7.18,-17
2022,6,REG,IND,JAX,1.0,0.98,7
2022,6,REG,MIA,MIN,-3.0,-0.02,-8
2022,6,REG,NO,CIN,-3.0,-0.04,-4
2022,6,REG,NYG,BAL,-5.5,-2.9,4
2022,6,REG,PIT,TB,-10.0,-0.79,2
2022,6,REG,LA,CAR,10.0,1.7,14
2022,6,REG,SEA,ARI,-2.5,3.24,10
2022,6,REG,KC,BUF,-2.5,3.23,-4
2022,6,REG,PHI,DAL,6.5,1.0,9
2022,6,REG,LAC,DEN,3.5,6.03,3
2022,7,REG,ARI,NO,2.5,-2.1,8
2022,7,REG,BAL,CLE,6.5,1.75,3
2022,7,REG,CAR,TB,-13.0,-2.96,18
2022,7,REG,CIN,ATL,6.5,10.07,18
2022,7,REG,DAL,DET,7.0,9.44,18
2022,7,REG,JAX,NYG,3.0,2.49,-6
2022,7,REG,TEN,IND,2.5,2.81,9
2022,7,REG,WAS,GB,-4.0,-3.79,2
2022,7,REG,DEN,NYJ,-2.0,0.87,-7
2022,7,REG,LV,HOU,7.0,2.72,18
2022,7,REG,LAC,SEA,5.5,4.59,-14
2022,7,REG,SF,KC,-1.0,1.86,-21
2022,7,REG,MIA,PIT,7.5,2.01,6
2022,7,REG,NE,CHI,9.5,7.47,-19
2022,8,REG,TB,BAL,2.0,3.49,-5
2022,8,REG,JAX,DEN,1.0,-0.05,-4
2022,8,REG,ATL,CAR,4.5,-2.17,3
2022,8,REG,DAL,CHI,10.5,12.24,20
2022,8,REG,DET,MIA,-3.5,-2.75,-4
2022,8,REG,MIN,ARI,4.0,6.91,8
2022,8,REG,NO,LV,-1.0,3.87,24
2022,8,REG,NYJ,NE,-3.0,0.59,-5
2022,8,REG,PHI,PIT,11.0,4.62,22
2022,8,REG,HOU,TEN,-1.0,1.82,-7
2022,8,REG,IND,WAS,3.0,0.11,-1
2022,8,REG,LA,SF,-1.0,-4.26,-17
2022,8,REG,SEA,NYG,3.0,3.97,14
2022,8,REG,BUF,GB,10.5,0.53,10
2022,8,REG,CLE,CIN,-3.0,-0.03,19
2022,9,REG,HOU,PHI,-14.0,-3.82,-12
2022,9,REG,ATL,LAC,-2.5,-5.61,-3
2022,9,REG,CHI,MIA,-4.0,-5.56,-3
2022,9,REG,CIN,CAR,7.0,6.21,21
2022,9,REG,DET,GB,-4.0,-5.67,6
2022,9,REG,JAX,LV,-2.5,0.14,7
2022,9,REG,NE,IND,5.0,4.37,23
2022,9,REG,NYJ,BUF,-11.0,-2.63,3
2022,9,REG,WAS,MIN,-3.0,-2.58,-3
2022,9,REG,ARI,SEA,1.5,0.14,-10
2022,9,REG,TB,LA,3.0,6.34,3
2022,9,REG,KC,TEN,14.0,8.01,3
2022,9,REG,NO,BAL,-1.0,1.62,-14
2022,10,REG,CAR,ATL,-2.5,5.56,10
2022,10,REG,TB,SEA,2.5,4.11,5
2022,10,REG,BUF,MIN,6.5,1.73,-3
2022,10,REG,CHI,DET,3.0,-1.11,-1
2022,10,REG,KC,JAX,10.0,8.42,10
2022,10,REG,MIA,CLE,3.0,1.39,22
2022,10,REG,NYG,HOU,5.5,0.37,8
2022,10,REG,PIT,NO,1.0,1.08,10
2022,10,REG,TEN,DEN,2.5,2.05,7
2022,10,REG,LV,IND,4.5,3.96,-5
2022,10,REG,GB,DAL,-3.5,1.3,3
2022,10,REG,LA,ARI,3.5,2.7,-10
2022,10,REG,SF,LAC,8.5,4.2,6
2022,10,REG,PHI,WAS,11.0,6.86,-11
2022,11,REG,GB,TEN,3.0,7.64,-10
2022,11,REG,ATL,CHI,3.0,2.58,3
2022,11,REG,BAL,CAR,13.0,4.55,10
2022,11,REG,BUF,CLE,7.5,1.44,8
2022,11,REG,HOU,WAS,-3.0,1.35,-13
2022,11,REG,IND,PHI,-6.5,-5.06,-1
2022,11,REG,NE,NYJ,3.5,2.79,7
2022,11,REG,NO,LA,2.5,4.48,7
2022,11,REG,NYG,DET,3.0,1.91,-13
2022,11,REG,DEN,LV,2.5,0.18,-6
2022,11,REG,MIN,DAL,-1.5,0.1,-37
2022,11,REG,PIT,CIN,-3.5,-0.65,-7
2022,11,REG,LAC,KC,-5.5,-0.65,-3
2022,11,REG,ARI,SF,-10.0,-6.96,-28
2022,12,REG,DET,BUF,-10.0,-4.5,-3
2022,12,REG,DAL,NYG,10.5,9.23,8
2022,12,REG,MIN,NE,2.5,4.88,7
2022,12,REG,CAR,DEN,-1.0,2.59,13
2022,12,REG,CLE,TB,-3.0,-0.16,6
2022,12,REG,JAX,BAL,-3.5,-2.11,1
2022,12,REG,MIA,HOU,14.0,4.6,15
2022,12,REG,NYJ,CHI,8.5,6.37,21
2022,12,REG,TEN,CIN,-1.0,-3.36,-4
2022,12,REG,WAS,ATL,3.5,5.49,6
2022,12,REG,ARI,LAC,-2.5,-2.76,-1
2022,12,REG,SEA,LV,4.0,1.62,-6
2022,12,REG,KC,LA,16.5,7.48,16
2022,12,REG,SF,NO,9.5,4.86,13
2022,12,REG,PHI,GB,6.5,1.39,7
2022,12,REG,IND,PIT,2.5,-2.13,-7
2022,13,REG,NE,BUF,-3.5,-1.53,-14
2022,13,REG,ATL,PIT,-1.0,-4.34,-3
2022,13,REG,BAL,DEN,9.5,5.45,1
2022,13,REG,CHI,GB,-4.0,-8.47,-9
2022,13,REG,DET,JAX,1.0,0.68,26
2022,13,REG,HOU,CLE,-7.5,-1.52,-13
2022,13,REG,MIN,NYJ,3.0,5.98,5
2022,13,REG,NYG,WAS,-2.5,0.02,0
2022,13,REG,PHI,TEN,5.0,7.33,25
2022,13,REG,LA,SEA,-7.0,1.15,-4
2022,13,REG,SF,MIA,4.5,5.15,16
2022,13,REG,CIN,KC,-2.5,0.42,3
2022,13,REG,LV,LAC,2.5,-1.14,7
2022,13,REG,DAL,IND,11.0,9.14,35
2022,13,REG,TB,NO,3.5,3.56,1
2022,14,REG,LA,LV,-6.5,1.09,1
2022,14,REG,BUF,NYJ,10.0,6.01,8
2022,14,REG,CIN,CLE,4.5,3.41,13
2022,14,REG,DAL,HOU,17.0,7.9,4
2022,14,REG,DET,MIN,2.5,-4.47,11
2022,14,REG,NYG,PHI,-7.5,-5.15,-26
2022,14,REG,PIT,BAL,1.5,1.01,-2
2022,14,REG,TEN,JAX,3.0,2.1,-14
2022,14,REG,DEN,KC,-8.5,-4.99,-6
2022,14,REG,SEA,CAR,3.5,2.24,-6
2022,14,REG,SF,TB,3.5,2.99,28
2022,14,REG,LAC,MIA,-3.0,2.64,6
2022,14,REG,ARI,NE,-2.0,-0.34,-14
2022,15,REG,SEA,SF,-3.0,-3.72,-8
2022,15,REG,MIN,IND,3.5,7.55,3
2022,15,REG,CLE,BAL,2.5,1.64,10
2022,15,REG,BUF,MIA,7.0,3.44,3
2022,15,REG,CAR,PIT,2.5,-0.48,-8
2022,15,REG,CHI,PHI,-8.5,-8.16,-5
2022,15,REG,HOU,KC,-14.5,-4.51,-6
2022,15,REG,JAX,DAL,-4.0,-5.05,6
2022,15,REG,NO,ATL,5.0,8.35,3
2022,15,REG,NYJ,DET,2.0,3.57,-3
2022,15,REG,DEN,ARI,1.5,1.8,9
2022,15,REG,LV,NE,1.0,1.28,6
2022,15,REG,LAC,TEN,3.0,5.67,3
2022,15,REG,TB,CIN,-3.5,1.83,-11
2022,15,REG,WAS,NYG,4.5,3.36,-8
2022,15,REG,GB,LA,8.0,7.1,12
2022,16,REG,NYJ,JAX,2.5,2.56,-16
2022,16,REG,BAL,ATL,6.5,8.41,8
2022,16,REG,CAR,DET,-2.5,3.64,14
2022,16,REG,CHI,BUF,-8.0,-7.3,-22
2022,16,REG,CLE,NO,3.0,1.7,-7
2022,16,REG,KC,SEA,10.5,6.94,14
2022,16,REG,MIN,NYG,4.5,7.64,3
2022,16,REG,NE,CIN,-3.0,-1.8,-4
2022,16,REG,TEN,HOU,3.0,1.57,-5
2022,16,REG,SF,WAS,6.5,7.72,17
2022,16,REG,DAL,PHI,4.0,2.39,6
2022,16,REG,PIT,LV,2.5,3.25,3
2022,16,REG,MIA,GB,3.5,-1.22,-6
2022,16,REG,LA,DEN,-3.0,2.59,37
2022,16,REG,ARI,TB,-7.5,-3.97,-3
2022,16,REG,IND,LAC,-3.5,-3.4,-17
2022,17,REG,TEN,DAL,-14.0,-4.64,-14
2022,17,REG,ATL,ARI,7.0,-1.16,1
2022,17,REG,DET,CHI,4.5,4.49,31
2022,17,REG,HOU,JAX,-3.5,2.22,-28
2022,17,REG,KC,DEN,13.5,8.38,3
2022,17,REG,NE,MIA,3.0,0.22,2
2022,17,REG,NYG,IND,5.5,1.61,28
2022,17,REG,PHI,NO,5.5,4.01,-10
2022,17,REG,TB,CAR,3.5,6.35,6
2022,17,REG,WAS,CLE,1.0,-1.18,-14
2022,17,REG,LV,SF,-10.0,-3.65,-3
2022,17,REG,SEA,NYJ,-1.0,2.31,17
2022,17,REG,GB,MIN,3.0,2.89,24
2022,17,REG,LAC,LA,6.5,5.13,21
2022,17,REG,BAL,PIT,1.0,2.38,-3
2022,18,REG,LV,KC,-9.0,-3.48,-18
2022,18,REG,JAX,TEN,6.0,1.29,4
2022,18,REG,ATL,TB,6.0,-6.83,13
2022,18,REG,BUF,NE,8.0,4.91,12
2022,18,REG,CHI,MIN,-6.5,-7.27,-16
2022,18,REG,CIN,BAL,11.0,3.35,11
2022,18,REG,IND,HOU,3.0,0.45,-1
2022,18,REG,MIA,NYJ,3.5,4.26,5
2022,18,REG,NO,CAR,3.5,4.48,-3
2022,18,REG,PIT,CLE,2.5,1.07,14
2022,18,REG,DEN,LAC,6.0,-2.65,3
2022,18,REG,PHI,NYG,16.5,8.53,6
2022,18,REG,SEA,LA,5.5,2.23,3
2022,18,REG,SF,ARI,14.0,8.66,25
2022,18,REG,WAS,DAL,-7.5,-4.17,20
2022,18,REG,GB,DET,5.5,9.05,-4
2022,19,WC,SF,SEA,10.0,7.1,18
2022,19,WC,JAX,LAC,-2.0,-2.69,1
2022,19,WC,BUF,MIA,14.0,3.44,3
2022,19,WC,MIN,NYG,2.5,7.64,-7
2022,19,WC,CIN,BAL,7.5,3.35,7
2022,19,WC,TB,DAL,-2.5,0.55,-17
2022,20,DIV,KC,JAX,10.0,8.42,7
2022,20,DIV,PHI,NYG,8.0,8.53,31
2022,20,DIV,BUF,CIN,6.0,1.42,-17
2022,20,DIV,SF,DAL,3.5,1.85,7
2022,21,CON,PHI,SF,2.5,0.84,24
2022,21,CON,KC,CIN,2.0,2.96,3
2022,22,SB,PHI,KC,1.0,-0.68,-3
2023,1,REG,KC,DET,4.0,4.95,-1
2023,1,REG,ATL,CAR,3.5,0.78,14
2023,1,REG,BAL,HOU,9.5,4.44,16
2023,1,REG,CLE,CIN,-1.0,1.5,21
2023,1,REG,IND,JAX,-4.0,-0.55,-10
2023,1,REG,MIN,TB,4.0,0.08,-3
2023,1,REG,NO,TEN,3.0,2.47,1
2023,1,REG,PIT,SF,-1.5,0.01,-23
2023,1,REG,WAS,ARI,7.0,3.99,4
2023,1,REG,CHI,GB,1.0,3.29,-18
2023,1,REG,DEN,LV,3.0,-0.46,-1
2023,1,REG,LAC,MIA,3.0,-3.83,-2
2023,1,REG,NE,PHI,-3.5,-9.34,-5
2023,1,REG,SEA,LA,4.5,4.62,-17
2023,1,REG,NYG,DAL,-3.5,-4.9,-40
2023,1,REG,NYJ,BUF,-2.5,-2.98,6
2023,2,REG,PHI,MIN,6.0,11.71,6
2023,2,REG,ATL,GB,3.0,2.56,1
2023,2,REG,BUF,LV,7.5,6.39,28
2023,2,REG,CIN,BAL,3.5,0.44,-3
2023,2,REG,DET,SEA,4.5,3.48,-6
2023,2,REG,HOU,IND,-1.0,1.78,-11
2023,2,REG,JAX,KC,-3.5,-4.08,-8
2023,2,REG,TB,CHI,2.5,2.71,10
2023,2,REG,TEN,LAC,-2.5,1.72,3
2023,2,REG,ARI,NYG,-5.0,-2.17,-3
2023,2,REG,LA,SF,-7.5,-5.47,-7
2023,2,REG,DAL,NYJ,8.5,6.06,20
2023,2,REG,DEN,WAS,4.0,3.3,-2
2023,2,REG,NE,MIA,-2.0,-5.73,-7
2023,2,REG,CAR,NO,-3.0,0.78,-3
2023,2,REG,PIT,CLE,-2.5,5.82,4
2023,3,REG,SF,NYG,10.5,8.92,18
2023,3,REG,BAL,IND,7.5,4.53,-3
2023,3,REG,CLE,TEN,3.5,2.09,24
2023,3,REG,DET,ATL,3.0,6.51,14
2023,3,REG,GB,NO,-1.5,-1.0,1
2023,3,REG,JAX,HOU,7.5,3.85,-20
2023,3,REG,MIA,DEN,6.0,8.15,50
2023,3,REG,MIN,LAC,1.0,0.8,-4
2023,3,REG,NYJ,NE,-2.5,4.83,-5
2023,3,REG,WAS,BUF,-5.5,-6.76,-34
2023,3,REG,SEA,CAR,5.0,3.81,10
2023,3,REG,ARI,DAL,-11.5,-8.76,12
2023,3,REG,KC,CHI,13.0,9.03,31
2023,3,REG,LV,PIT,3.0,-1.66,-5
2023,3,REG,TB,PHI,-6.0,-6.71,-14
2023,3,REG,CIN,LA,3.0,3.23,3
2023,4,REG,GB,DET,-2.5,-3.99,-14
2023,4,REG,JAX,ATL,3.5,2.31,16
2023,4,REG,BUF,MIA,2.5,2.08,28
2023,4,REG,CAR,MIN,-4.5,2.47,-8
2023,4,REG,CHI,DEN,-3.0,2.34,-3
2023,4,REG,CLE,BAL,-2.0,0.25,-25
2023,4,REG,HOU,PIT,-3.0,-3.75,24
2023,4,REG,IND,LA,-1.0,1.65,-6
2023,4,REG,NO,TB,4.0,1.77,-17
2023,4,REG,PHI,WAS,9.5,13.37,3
2023,4,REG,TEN,CIN,-2.5,1.1,24
2023,4,REG,LAC,LV,7.0,0.48,7
2023,4,REG,DAL,NE,6.5,9.2,35
2023,4,REG,SF,ARI,15.0,12.78,19
2023,4,REG,NYJ,KC,-9.5,-4.12,-3
2023,4,REG,NYG,SEA,-2.5,-1.3,-21
2023,5,REG,WAS,CHI,6.0,-0.56,-20
2023,5,REG,BUF,JAX,5.5,4.63,-5
2023,5,REG,ATL,HOU,2.5,1.55,2
2023,5,REG,DET,CAR,9.5,5.6,18
2023,5,REG,IND,TEN,-2.5,0.7,7
2023,5,REG,MIA,NYG,12.5,8.19,15
2023,5,REG,NE,NO,2.5,-1.01,-34
2023,5,REG,PIT,BAL,-4.5,4.38,7
2023,5,REG,ARI,CIN,-3.0,-3.77,-14
2023,5,REG,LA,PHI,-3.5,-8.35,-9
2023,5,REG,DEN,NYJ,2.5,-0.48,-10
2023,5,REG,MIN,KC,-3.5,-6.24,-7
2023,5,REG,SF,DAL,3.5,2.33,32
2023,5,REG,LV,GB,1.0,4.79,4
2023,6,REG,KC,DEN,10.5,9.68,11
2023,6,REG,TEN,BAL,-5.5,-1.84,-8
2023,6,REG,ATL,WAS,1.5,3.21,-8
2023,6,REG,CHI,MIN,-3.0,2.29,-6
2023,6,REG,CIN,SEA,3.0,0.3,4
2023,6,REG,CLE,SF,-9.5,-4.12,2
2023,6,REG,HOU,NO,-2.0,0.01,7
2023,6,REG,JAX,IND,4.0,3.94,17
2023,6,REG,MIA,CAR,14.0,7.32,21
2023,6,REG,LV,NE,3.0,4.8,4
2023,6,REG,LA,ARI,7.0,5.62,17
2023,6,REG,NYJ,PHI,-6.5,-6.2,6
2023,6,REG,TB,DET,-3.0,-1.38,-14
2023,6,REG,BUF,NYG,15.5,8.59,5
2023,6,REG,LAC,DAL,-1.5,-3.91,-3
2023,7,REG,NO,JAX,2.5,1.22,-7
2023,7,REG,BAL,DET,3.0,-0.23,32
2023,7,REG,CHI,LV,-2.5,0.19,18
2023,7,REG,IND,CLE,-3.5,0.3,-1
2023,7,REG,NE,BUF,-7.5,-6.12,4
2023,7,REG,NYG,WAS,-3.0,3.26,7
2023,7,REG,TB,ATL,3.0,3.44,-3
2023,7,REG,LA,PIT,3.5,-3.79,-7
2023,7,REG,SEA,ARI,9.5,8.55,10
2023,7,REG,DEN,GB,1.5,2.65,2
2023,7,REG,KC,LAC,5.5,8.74,14
2023,7,REG,PHI,MIA,3.0,5.3,14
2023,7,REG,MIN,SF,-7.0,-5.44,5
2023,8,REG,BUF,TB,10.0,6.88,6
2023,8,REG,CAR,HOU,-3.0,2.46,2
2023,8,REG,DAL,LA,6.5,8.22,23
2023,8,REG,GB,MIN,-1.0,0.69,-14
2023,8,REG,IND,NO,-2.0,-0.08,-11
2023,8,REG,MIA,NE,7.5,9.11,14
2023,8,REG,NYG,NYJ,-3.0,-0.52,-3
2023,8,REG,PIT,JAX,-2.5,4.97,-10
2023,8,REG,TEN,ATL,-2.5,2.75,5
2023,8,REG,WAS,PHI,-7.0,-9.98,-7
2023,8,REG,SEA,CLE,4.0,3.27,4
2023,8,REG,ARI,BAL,-9.5,-5.02,-7
2023,8,REG,DEN,KC,-7.0,-6.3,15
2023,8,REG,SF,CIN,4.0,7.32,-14
2023,8,REG,LAC,CHI,9.5,1.99,17
2023,8,REG,DET,LV,7.0,4.28,12
2023,9,REG,PIT,TEN,3.5,6.22,4
2023,9,REG,KC,MIA,1.0,1.53,7
2023,9,REG,ATL,MIN,3.5,1.55,-3
2023,9,REG,BAL,SEA,6.0,1.55,34
2023,9,REG,CLE,ARI,13.0,6.96,27
2023,9,REG,GB,LA,3.5,0.72,17
2023,9,REG,HOU,TB,2.5,0.09,2
2023,9,REG,NE,WAS,2.5,2.34,-3
2023,9,REG,NO,CHI,9.0,2.79,7
2023,9,REG,CAR,IND,-1.5,2.55,-14
2023,9,REG,LV,NYG,1.0,3.88,24
2023,9,REG,PHI,DAL,3.5,5.21,5
2023,9,REG,CIN,BUF,1.5,-3.6,6
2023,9,REG,NYJ,LAC,-3.0,2.93,-21
2023,10,REG,CHI,CAR,3.0,1.51,3
2023,10,REG,NE,IND,-1.0,-0.94,-4
2023,10,REG,BAL,CLE,6.0,3.13,-2
2023,10,REG,CIN,HOU,5.5,3.19,-3
2023,10,REG,JAX,SF,-3.0,-3.27,-31
2023,10,REG,MIN,NO,-3.0,0.0,8
2023,10,REG,PIT,GB,3.0,8.14,4
2023,10,REG,TB,TEN,2.5,2.39,14
2023,10,REG,ARI,ATL,-2.0,-2.12,2
2023,10,REG,LAC,DET,-2.5,-2.1,-3
2023,10,REG,DAL,NYG,17.5,8.28,32
2023,10,REG,SEA,WAS,6.0,6.25,3
2023,10,REG,LV,NYJ,-1.0,1.67,4
2023,10,REG,BUF,DEN,7.5,8.54,-2
2023,11,REG,BAL,CIN,4.0,2.94,14
2023,11,REG,CAR,DAL,-11.0,-4.02,-23
2023,11,REG,CLE,PIT,2.5,-2.44,3
2023,11,REG,DET,CHI,8.0,5.78,5
2023,11,REG,GB,LAC,-3.0,-0.2,3
2023,11,REG,HOU,ARI,5.5,5.66,5
2023,11,REG,JAX,TEN,6.5,2.94,20
2023,11,REG,MIA,LV,14.0,6.0,7
2023,11,REG,WAS,NYG,7.5,0.13,-12
2023,11,REG,SF,TB,13.5,7.21,13
2023,11,REG,BUF,NYJ,8.0,6.37,26
2023,11,REG,LA,SEA,2.5,-1.24,1
2023,11,REG,DEN,MIN,2.5,1.64,1
2023,11,REG,KC,PHI,2.5,-0.39,-4
2023,12,REG,DET,GB,8.5,7.38,-7
2023,12,REG,DAL,WAS,13.0,9.84,35
2023,12,REG,SEA,SF,-7.0,-2.54,-18
2023,12,REG,NYJ,MIA,-9.5,-2.59,-21
2023,12,REG,ATL,NO,-2.0,-0.14,9
2023,12,REG,CIN,PIT,-2.0,-2.25,-6
2023,12,REG,HOU,JAX,-1.0,-0.47,-3
2023,12,REG,IND,TB,2.5,0.0,7
2023,12,REG,NYG,NE,-4.5,2.61,3
2023,12,REG,TEN,CAR,3.5,1.83,7
2023,12,REG,ARI,LA,-3.0,-2.23,-23
2023,12,REG,DEN,CLE,1.5,0.33,17
2023,12,REG,LV,KC,-9.0,-4.15,-14
2023,12,REG,PHI,BUF,2.5,4.91,3
2023,12,REG,LAC,BAL,-3.0,-0.17,-10
2023,12,REG,MIN,CHI,3.0,1.1,-2
2023,13,REG,DAL,SEA,9.5,5.29,6
2023,13,REG,HOU,DEN,3.5,1.75,5
2023,13,REG,NE,LAC,-4.5,-0.21,-6
2023,13,REG,NO,DET,-4.0,-1.3,-5
2023,13,REG,NYJ,ATL,-2.0,3.95,-5
2023,13,REG,PIT,ARI,6.0,11.1,-14
2023,13,REG,TEN,IND,-1.5,2.69,-3
2023,13,REG,WAS,MIA,-8.5,-6.37,-30
2023,13,REG,TB,CAR,4.0,2.53,3
2023,13,REG,LA,CLE,3.5,0.35,17
2023,13,REG,PHI,SF,-3.0,4.58,-23
2023,13,REG,GB,KC,-5.5,-7.25,8
2023,13,REG,JAX,CIN,10.0,2.35,-3
2023,14,REG,PIT,NE,6.0,8.15,-3
2023,14,REG,ATL,TB,1.5,-0.06,-4
2023,14,REG,BAL,LA,7.5,4.48,6
2023,14,REG,CHI,DET,-3.0,-2.39,15
2023,14,REG,CIN,IND,3.0,3.28,20
2023,14,REG,CLE,JAX,2.5,0.84,4
2023,14,REG,NO,CAR,5.5,2.61,22
2023,14,REG,NYJ,HOU,-3.5,3.81,24
2023,14,REG,LV,MIN,-3.0,3.79,-3
2023,14,REG,SF,SEA,14.5,5.93,12
2023,14,REG,KC,BUF,2.0,2.83,-3
2023,14,REG,LAC,DEN,3.0,2.63,-17
2023,14,REG,DAL,PHI,3.5,-1.83,20
2023,14,REG,MIA,TEN,14.0,7.18,-1
2023,14,REG,NYG,GB,-6.0,2.6,2
2023,15,REG,LV,LAC,3.0,2.9,42
2023,15,REG,CIN,MIN,3.0,3.2,3
2023,15,REG,IND,PIT,1.5,-3.83,17
2023,15,REG,DET,DEN,5.5,6.43,25
2023,15,REG,CAR,ATL,-3.0,2.61,2
2023,15,REG,CLE,CHI,3.0,2.41,3
2023,15,REG,GB,TB,4.0,-0.92,-14
2023,15,REG,MIA,NYJ,7.5,5.98,30
2023,15,REG,NE,KC,-10.0,-7.26,-10
2023,15,REG,NO,NYG,6.0,3.48,18
2023,15,REG,TEN,HOU,3.0,2.6,-3
2023,15,REG,ARI,SF,-12.5,-9.39,-16
2023,15,REG,LA,WAS,6.5,3.32,8
2023,15,REG,BUF,DAL,2.0,2.0,21
2023,15,REG,JAX,BAL,-4.0,1.1,-16
2023,15,REG,SEA,PHI,-5.0,-5.43,3
2023,16,REG,LA,NO,4.0,-0.03,8
2023,16,REG,PIT,CIN,-3.0,5.63,23
2023,16,REG,LAC,BUF,-13.0,-4.22,-2
2023,16,REG,ATL,IND,3.0,1.63,19
2023,16,REG,CAR,GB,-3.5,3.47,-3
2023,16,REG,HOU,CLE,-3.0,0.39,-14
2023,16,REG,MIN,DET,-2.5,-2.99,-6
2023,16,REG,NYJ,WAS,3.0,5.47,2
2023,16,REG,TEN,SEA,-3.0,-0.29,-3
2023,16,REG,TB,JAX,-2.0,1.14,18
2023,16,REG,CHI,ARI,4.5,6.24,11
2023,16,REG,MIA,DAL,1.5,1.61,2
2023,16,REG,DEN,NE,7.0,2.66,-3
2023,16,REG,KC,LV,11.0,7.53,-6
2023,16,REG,PHI,NYG,14.0,11.8,8
2023,16,REG,SF,BAL,6.5,6.07,-14
2023,17,REG,CLE,NYJ,6.5,0.89,17
2023,17,REG,DAL,DET,5.5,3.5,1
2023,17,REG,BAL,MIA,3.0,-1.96,37
2023,17,REG,BUF,NE,15.0,9.51,6
2023,17,REG,CHI,ATL,3.0,2.43,20
2023,17,REG,HOU,TEN,5.0,0.78,23
2023,17,REG,IND,LV,3.5,-0.48,3
2023,17,REG,JAX,CAR,3.5,3.08,26
2023,17,REG,NYG,LA,-6.0,1.63,-1
2023,17,REG,PHI,ARI,12.0,15.66,-4
2023,17,REG,TB,NO,2.5,1.61,-10
2023,17,REG,WAS,SF,-14.0,-7.09,-17
2023,17,REG,SEA,PIT,4.5,-0.86,-7
2023,17,REG,DEN,LAC,3.5,0.75,7
2023,17,REG,KC,CIN,7.5,8.12,8
2023,17,REG,MIN,GB,1.0,2.7,-23
2023,18,REG,BAL,PIT,-3.0,-1.0,-7
2023,18,REG,IND,HOU,-1.5,1.61,-4
2023,18,REG,CAR,TB,-5.0,0.86,-9
2023,18,REG,CIN,CLE,7.5,1.89,17
2023,18,REG,DET,MIN,3.5,6.37,10
2023,18,REG,NE,NYJ,2.5,-1.44,-14
2023,18,REG,NO,ATL,3.5,3.53,31
2023,18,REG,TEN,JAX,-3.5,0.44,8
2023,18,REG,ARI,SEA,-2.5,-5.16,-1
2023,18,REG,GB,CHI,2.5,0.09,8
2023,18,REG,LAC,KC,3.5,-5.36,-1
2023,18,REG,LV,DEN,3.5,3.84,13
2023,18,REG,NYG,PHI,-4.5,-8.42,17
2023,18,REG,SF,LA,5.5,8.85,-1
2023,18,REG,WAS,DAL,-13.0,-6.46,-28
2023,18,REG,MIA,BUF,-2.5,1.3,-7
2023,19,WC,HOU,CLE,-2.5,0.39,31
2023,19,WC,KC,MIA,4.5,3.22,19
2023,19,WC,DAL,GB,7.0,9.19,-16
2023,19,WC,DET,LA,3.5,6.41,1
2023,19,WC,BUF,PIT,10.0,3.05,14
2023,19,WC,TB,PHI,-2.5,-6.71,23
2023,20,DIV,BAL,HOU,10.0,4.44,24
2023,20,DIV,SF,GB,10.5,9.83,3
2023,20,DIV,DET,TB,6.0,4.76,8
2023,20,DIV,BUF,KC,2.5,0.55,-3
2023,21,CON,BAL,KC,4.5,-3.49,-7
2023,21,CON,SF,DET,7.5,4.14,3
2023,22,SB,KC,SF,-1.5,0.81,3
2024,1,REG,KC,BAL,3.0,4.08,7
2024,1,REG,PHI,GB,2.0,4.24,5
2024,1,REG,ATL,PIT,4.0,-0.72,-8
2024,1,REG,BUF,ARI,6.5,9.93,6
2024,1,REG,CHI,TEN,4.0,5.25,7
2024,1,REG,CIN,NE,8.0,7.87,-6
2024,1,REG,IND,HOU,-3.0,-0.93,-2
2024,1,REG,MIA,JAX,3.5,5.49,3
2024,1,REG,NO,CAR,3.5,3.9,37
2024,1,REG,NYG,MIN,-1.0,-2.86,-22
2024,1,REG,LAC,LV,3.0,10.14,12
2024,1,REG,SEA,DEN,6.5,4.71,6
2024,1,REG,CLE,DAL,2.5,1.72,-16
2024,1,REG,TB,WAS,4.0,1.83,17
2024,1,REG,DET,LA,5.0,4.66,6
2024,1,REG,SF,NYJ,3.5,6.98,13
2024,2,REG,MIA,BUF,2.5,-1.99,-21
2024,2,REG,BAL,LV,9.0,9.37,-3
2024,2,REG,CAR,LAC,-5.0,-4.16,-23
2024,2,REG,DAL,NO,6.5,0.72,-25
2024,2,REG,DET,TB,7.5,4.83,-4
2024,2,REG,GB,IND,-3.0,2.51,6
2024,2,REG,JAX,CLE,3.0,1.05,-5
2024,2,REG,MIN,SF,-4.5,-1.13,6
2024,2,REG,NE,SEA,-3.5,-3.67,-3
2024,2,REG,TEN,NYJ,-3.5,0.44,-7
2024,2,REG,WAS,NYG,1.5,4.71,3
2024,2,REG,ARI,LA,-1.0,-1.42,31
2024,2,REG,DEN,PIT,-3.0,-3.38,-7
2024,2,REG,KC,CIN,6.5,4.19,1
2024,2,REG,HOU,CHI,6.0,1.9,6
2024,2,REG,PHI,ATL,5.5,4.58,-1
2024,3,REG,NYJ,NE,6.5,4.63,21
2024,3,REG,CLE,NYG,6.5,3.31,-6
2024,3,REG,IND,CHI,1.5,-0.72,5
2024,3,REG,MIN,HOU,-2.0,1.65,27
2024,3,REG,NO,PHI,2.5,-2.78,-3
2024,3,REG,PIT,LAC,3.0,2.04,10
2024,3,REG,TB,DEN,6.0,3.36,-19
2024,3,REG,TEN,GB,3.0,-0.27,-16
2024,3,REG,LV,CAR,5.5,-0.9,-14
2024,3,REG,SEA,MIA,4.0,1.43,21
2024,3,REG,ARI,DET,-3.0,-4.38,-7
2024,3,REG,DAL,BAL,-1.5,-2.15,-3
2024,3,REG,LA,SF,-6.0,-2.35,3
2024,3,REG,ATL,KC,-3.0,-1.98,-5
2024,3,REG,BUF,JAX,4.0,9.17,37
2024,3,REG,CIN,WAS,7.5,3.99,-5
2024,4,REG,NYG,DAL,-5.5,0.11,-5
2024,4,REG,ATL,NO,2.5,3.28,2
2024,4,REG,CAR,CIN,-4.5,-3.27,-10
2024,4,REG,CHI,LA,3.0,2.75,6
2024,4,REG,GB,MIN,2.5,-0.07,-2
2024,4,REG,HOU,JAX,5.5,5.32,4
2024,4,REG,IND,PIT,-2.5,-2.89,3
2024,4,REG,NYJ,DEN,7.5,2.29,-1
2024,4,REG,TB,PHI,-1.0,-2.19,17
2024,4,REG,ARI,WAS,3.5,-1.11,-28
2024,4,REG,SF,NE,10.5,9.92,17
2024,4,REG,LAC,KC,-7.5,0.09,-7
2024,4,REG,LV,CLE,-2.5,-2.17,4
2024,4,REG,BAL,BUF,2.5,-1.33,25
2024,4,REG,MIA,TEN,2.5,5.63,-19
2024,4,REG,DET,SEA,3.5,3.48,13
2024,5,REG,ATL,TB,2.5,2.68,6
2024,5,REG,MIN,NYJ,2.5,2.47,6
2024,5,REG,CHI,CAR,4.0,5.72,26
2024,5,REG,CIN,BAL,-2.5,1.58,-3
2024,5,REG,HOU,BUF,1.0,-2.16,3
2024,5,REG,JAX,IND,3.5,0.69,3
2024,5,REG,NE,MIA,-2.0,-3.93,-5
2024,5,REG,WAS,CLE,3.0,3.09,21
2024,5,REG,DEN,LV,3.0,5.42,16
2024,5,REG,SF,ARI,7.0,8.85,-1
2024,5,REG,LA,GB,-3.0,2.23,-5
2024,5,REG,SEA,NYG,7.0,6.2,-9
2024,5,REG,PIT,DAL,2.5,6.66,-3
2024,5,REG,KC,NO,5.5,6.95,13
2024,6,REG,SEA,SF,-3.5,-1.18,-12
2024,6,REG,CHI,JAX,-1.5,3.41,19
2024,6,REG,BAL,WAS,6.5,4.11,7
2024,6,REG,GB,ARI,5.5,4.26,21
2024,6,REG,NE,HOU,-6.5,-3.76,-20
2024,6,REG,NO,TB,-3.5,1.1,-24
2024,6,REG,PHI,CLE,8.0,7.11,4
2024,6,REG,TEN,IND,2.5,0.55,-3
2024,6,REG,DEN,LAC,-3.0,-3.03,-7
2024,6,REG,LV,PIT,-3.5,-7.11,-19
2024,6,REG,CAR,ATL,-6.0,-2.1,-18
2024,6,REG,DAL,DET,-3.5,-3.02,-38
2024,6,REG,NYG,CIN,-4.5,-3.62,-10
2024,6,REG,NYJ,BUF,-1.0,-4.67,-3
2024,7,REG,NO,DEN,-2.5,2.76,-23
2024,7,REG,JAX,NE,6.5,1.83,16
2024,7,REG,ATL,SEA,3.0,1.33,-20
2024,7,REG,BUF,TEN,9.5,9.32,24
2024,7,REG,CLE,CIN,-5.5,-2.01,-7
2024,7,REG,GB,HOU,3.0,-0.11,2
2024,7,REG,IND,MIA,3.0,-1.1,6
2024,7,REG,MIN,DET,1.0,-0.05,-2
2024,7,REG,NYG,PHI,-3.0,-5.34,-25
2024,7,REG,LA,LV,7.0,7.27,5
2024,7,REG,WAS,CAR,10.0,4.36,33
2024,7,REG,SF,KC,2.5,1.25,-10
2024,7,REG,PIT,NYJ,-3.0,6.17,22
2024,7,REG,TB,BAL,-4.5,-0.58,-10
2024,7,REG,ARI,LAC,-1.0,-4.3,2
2024,8,REG,LA,MIN,-3.0,0.47,10
2024,8,REG,CIN,PHI,2.5,-0.02,-20
2024,8,REG,CLE,BAL,-7.5,-2.12,5
2024,8,REG,DET,TEN,12.5,7.16,38
2024,8,REG,HOU,IND,5.0,4.31,3
2024,8,REG,JAX,GB,-3.5,-0.13,-3
2024,8,REG,MIA,ARI,4.0,6.24,-1
2024,8,REG,NE,NYJ,-7.0,-1.25,3
2024,8,REG,TB,ATL,-1.5,0.7,-5
2024,8,REG,LAC,NO,7.0,5.34,18
2024,8,REG,SEA,BUF,-3.0,-2.25,-21
2024,8,REG,DEN,CAR,13.0,2.83,14
2024,8,REG,LV,KC,-9.0,-8.36,-7
2024,8,REG,WAS,CHI,1.5,0.33,3
2024,8,REG,SF,DAL,5.5,7.48,6
2024,8,REG,PIT,NYG,6.0,8.25,8
2024,9,REG,NYJ,HOU,2.5,-0.82,8
2024,9,REG,ATL,DAL,3.0,4.25,6
2024,9,REG,BAL,DEN,9.0,5.64,31
2024,9,REG,BUF,MIA,6.5,5.37,3
2024,9,REG,CAR,NO,-7.0,-0.51,1
2024,9,REG,CIN,LV,8.0,9.25,17
2024,9,REG,CLE,LAC,-2.0,-2.9,-17
2024,9,REG,NYG,WAS,-4.5,-1.32,-5
2024,9,REG,TEN,NE,3.0,3.38,3
2024,9,REG,ARI,CHI,1.5,-2.47,20
2024,9,REG,PHI,JAX,7.5,7.76,5
2024,9,REG,GB,DET,-2.5,-1.81,-10
2024,9,REG,SEA,LA,-1.5,2.86,-6
2024,9,REG,MIN,IND,6.5,4.27,8
2024,9,REG,KC,TB,9.0,6.35,6
2024,10,REG,BAL,CIN,6.0,1.81,1
2024,10,REG,CAR,NYG,-6.5,0.35,3
2024,10,REG,CHI,NE,6.5,6.93,-16
2024,10,REG,IND,BUF,-4.5,-4.78,-10
2024,10,REG,JAX,MIN,-7.0,-1.89,-5
2024,10,REG,KC,DEN,7.5,8.02,2
2024,10,REG,NO,ATL,-3.5,0.11,3
2024,10,REG,TB,SF,-6.5,-2.53,-3
2024,10,REG,WAS,PIT,1.5,-1.85,-1
2024,10,REG,LAC,TEN,8.0,7.07,10
2024,10,REG,ARI,NYJ,-2.0,-0.17,25
2024,10,REG,DAL,PHI,-7.5,-3.75,-28
2024,10,REG,HOU,DET,-4.5,-0.01,-3
2024,10,REG,LA,MIA,2.5,0.25,-8
2024,11,REG,PHI,WAS,4.5,5.71,8
2024,11,REG,CHI,GB,-6.0,3.29,-1
2024,11,REG,DET,JAX,14.0,7.02,46
2024,11,REG,MIA,LV,8.0,8.7,15
2024,11,REG,NE,LA,-4.0,-2.5,-6
2024,11,REG,NO,CLE,-1.0,2.63,21
2024,11,REG,NYJ,IND,4.0,1.8,-1
2024,11,REG,PIT,BAL,-3.0,2.82,2
2024,11,REG,TEN,MIN,-6.0,-2.03,-10
2024,11,REG,DEN,ATL,2.0,-0.96,32
2024,11,REG,SF,SEA,6.0,4.56,-3
2024,11,REG,BUF,KC,2.5,2.33,9
2024,11,REG,LAC,CIN,1.0,2.59,7
2024,11,REG,DAL,HOU,-7.5,-1.32,-24
2024,12,REG,CLE,PIT,-3.5,-3.25,5
2024,12,REG,CAR,KC,-11.0,-5.77,-3
2024,12,REG,CHI,MIN,-3.0,1.53,-3
2024,12,REG,HOU,TEN,8.0,5.46,-5
2024,12,REG,IND,DET,-7.0,-2.63,-18
2024,12,REG,MIA,NE,7.5,7.32,19
2024,12,REG,NYG,TB,-6.5,-1.46,-23
2024,12,REG,WAS,DAL,10.5,3.12,-8
2024,12,REG,LV,DEN,-6.5,-2.04,-10
2024,12,REG,GB,SF,6.5,-2.89,28
2024,12,REG,SEA,ARI,-1.0,5.98,10
2024,12,REG,LA,PHI,-3.0,-2.01,-17
2024,12,REG,LAC,BAL,-3.0,2.47,-7
2024,13,REG,DET,CHI,9.5,3.6,3
2024,13,REG,DAL,NYG,4.5,3.28,7
2024,13,REG,GB,MIA,3.5,-0.29,13
2024,13,REG,KC,LV,13.5,11.75,2
2024,13,REG,ATL,LAC,-1.0,-0.37,-4
2024,13,REG,CIN,PIT,3.0,0.45,-6
2024,13,REG,JAX,HOU,-3.5,-1.93,-3
2024,13,REG,MIN,ARI,3.5,6.03,1
2024,13,REG,NE,IND,-2.5,-1.14,-1
2024,13,REG,NYJ,SEA,1.0,-0.73,-5
2024,13,REG,WAS,TEN,6.0,3.88,23
2024,13,REG,CAR,TB,-6.5,-1.11,-3
2024,13,REG,NO,LA,-2.5,0.92,-7
2024,13,REG,BAL,PHI,3.0,0.09,-5
2024,13,REG,BUF,SF,6.5,2.77,25
2024,13,REG,DEN,CLE,6.5,1.56,9
2024,14,REG,DET,GB,3.0,5.2,3
2024,14,REG,MIA,NYJ,6.5,4.38,6
2024,14,REG,MIN,ATL,6.0,2.1,21
2024,14,REG,NYG,NO,-5.5,-0.87,-3
2024,14,REG,PHI,CAR,14.0,8.37,6
2024,14,REG,PIT,CLE,6.0,6.63,13
2024,14,REG,TB,LV,7.0,7.09,15
2024,14,REG,TEN,JAX,3.0,1.55,-4
2024,14,REG,ARI,SEA,3.0,-2.59,-12
2024,14,REG,LA,BUF,-3.5,-3.43,2
2024,14,REG,SF,CHI,3.0,4.68,25
2024,14,REG,KC,LAC,5.0,3.3,2
2024,14,REG,DAL,CIN,-5.0,-2.04,-7
2024,15,REG,SF,LA,3.0,5.74,-6
2024,15,REG,CAR,DAL,2.5,0.46,-16
2024,15,REG,CLE,KC,-4.5,-4.51,-14
2024,15,REG,HOU,MIA,2.5,1.52,8
2024,15,REG,JAX,NYJ,-3.5,0.58,-7
2024,15,REG,NO,WAS,-7.5,1.23,-1
2024,15,REG,NYG,BAL,-16.5,-3.74,-21
2024,15,REG,TEN,CIN,-6.0,-2.8,-10
2024,15,REG,ARI,NE,6.0,2.77,13
2024,15,REG,DEN,IND,4.5,1.21,18
2024,15,REG,DET,BUF,2.5,-0.46,-6
2024,15,REG,LAC,TB,3.0,4.75,-23
2024,15,REG,PHI,PIT,5.5,2.17,14
2024,15,REG,SEA,GB,-3.0,3.41,-17
2024,15,REG,MIN,CHI,7.0,1.86,18
2024,15,REG,LV,ATL,-6.5,-4.69,-6
2024,16,REG,LAC,DEN,3.0,6.41,7
2024,16,REG,KC,HOU,3.5,4.91,8
2024,16,REG,BAL,PIT,7.0,0.57,17
2024,16,REG,ATL,NYG,9.5,5.84,27
2024,16,REG,CAR,ARI,-5.5,1.83,6
2024,16,REG,CHI,DET,-7.0,-0.22,-17
2024,16,REG,CIN,CLE,10.0,5.39,18
2024,16,REG,IND,TEN,4.0,2.84,8
2024,16,REG,NYJ,LA,-3.0,0.45,-10
2024,16,REG,WAS,PHI,-4.0,-2.32,3
2024,16,REG,SEA,MIN,-2.5,1.65,-3
2024,16,REG,BUF,NE,14.0,11.0,3
2024,16,REG,LV,JAX,2.5,-1.52,5
2024,16,REG,MIA,SF,-2.0,-0.91,12
2024,16,REG,DAL,TB,-4.5,0.12,2
2024,16,REG,GB,NO,14.0,1.92,34
2024,17,REG,PIT,KC,-3.0,0.44,-19
2024,17,REG,HOU,BAL,-5.5,0.86,-29
2024,17,REG,CHI,SEA,-3.5,1.57,-3
2024,17,REG,NE,LAC,-6.0,-5.37,-33
2024,17,REG,CIN,DEN,3.5,5.52,6
2024,17,REG,LA,ARI,6.5,4.81,4
2024,17,REG,BUF,NYJ,10.0,8.06,26
2024,17,REG,JAX,TEN,-1.0,1.84,7
2024,17,REG,NO,LV,-2.0,6.49,-15
2024,17,REG,NYG,IND,-7.5,-0.28,12
2024,17,REG,PHI,DAL,7.5,7.14,34
2024,17,REG,TB,CAR,9.5,4.49,34
2024,17,REG,CLE,MIA,-3.0,-1.46,-17
2024,17,REG,MIN,GB,-1.0,3.45,2
2024,17,REG,WAS,ATL,3.5,0.56,6
2024,17,REG,SF,DET,-4.0,2.77,-6
2024,18,REG,BAL,CLE,19.5,5.51,25
2024,18,REG,PIT,CIN,-2.5,2.93,-2
2024,18,REG,ATL,CAR,7.5,5.48,-6
2024,18,REG,DAL,WAS,-7.0,0.26,-4
2024,18,REG,GB,CHI,10.0,0.1,-2
2024,18,REG,IND,JAX,3.5,2.7,3
2024,18,REG,NE,BUF,-3.0,-7.62,7
2024,18,REG,PHI,NYG,3.0,8.73,7
2024,18,REG,TB,NO,14.5,2.29,8
2024,18,REG,TEN,HOU,2.5,-2.07,-9
2024,18,REG,ARI,SF,4.5,-5.46,23
2024,18,REG,DEN,KC,10.5,-4.63,38
2024,18,REG,LA,SEA,-7.5,0.52,-5
2024,18,REG,LV,LAC,-7.0,-6.76,-14
2024,18,REG,NYJ,MIA,1.5,-0.99,12
2024,18,REG,DET,MIN,3.0,3.44,22
2024,19,WC,HOU,LAC,-3.0,0.08,20
2024,19,WC,BAL,PIT,9.5,0.57,14
2024,19,WC,BUF,DEN,7.5,8.66,24
2024,19,WC,PHI,GB,5.5,5.94,12
2024,19,WC,TB,WAS,3.0,1.83,-3
2024,19,WC,LA,MIN,-2.5,-1.22,18
2024,20,DIV,KC,HOU,9.5,4.91,9
2024,20,DIV,DET,WAS,8.5,4.97,-14
2024,20,DIV,PHI,LA,7.0,5.39,6
2024,20,DIV,BUF,BAL,-1.5,4.71,2
2024,21,CON,PHI,WAS,6.0,5.71,32
2024,21,CON,KC,BUF,1.5,1.06,3
2024,22,SB,PHI,KC,-1.5,-0.78,18
2025,1,REG,PHI,DAL,8.5,2.55,4
2025,1,REG,LAC,KC,-3.0,2.53,6
2025,1,REG,ATL,TB,-1.5,-1.77,-3
2025,1,REG,CLE,CIN,-5.5,-0.78,-1
2025,1,REG,IND,MIA,1.5,2.03,25
2025,1,REG,JAX,CAR,4.5,5.94,16
2025,1,REG,NE,LV,2.5,5.28,-7
2025,1,REG,NO,ARI,-6.0,3.46,-7
2025,1,REG,NYJ,PIT,-3.0,-5.92,-2
2025,1,REG,WAS,NYG,6.0,5.04,15
2025,1,REG,DEN,TEN,8.5,6.52,8
2025,1,REG,SEA,SF,-2.5,0.74,-4
2025,1,REG,GB,DET,1.5,0.99,14
2025,1,REG,LA,HOU,3.5,2.16,5
2025,1,REG,BUF,BAL,-1.5,3.46,1
2025,1,REG,CHI,MIN,-1.5,1.4,-3
2025,2,REG,GB,WAS,3.5,0.47,9
2025,2,REG,BAL,CLE,12.5,8.62,24
2025,2,REG,CIN,JAX,3.5,-0.53,4
2025,2,REG,DAL,NYG,4.5,4.78,3
2025,2,REG,DET,CHI,6.0,4.23,31
2025,2,REG,MIA,NE,1.5,0.83,-6
2025,2,REG,NO,SF,-3.0,-0.72,-5
2025,2,REG,NYJ,BUF,-6.0,-9.44,-20
2025,2,REG,PIT,SEA,3.5,3.61,-14
2025,2,REG,TEN,LA,-5.5,-8.61,-14
2025,2,REG,ARI,CAR,7.0,1.28,5
2025,2,REG,IND,DEN,-2.5,2.8,1
2025,2,REG,KC,PHI,-1.5,-1.85,-3
2025,2,REG,MIN,ATL,3.5,2.17,-16
2025,2,REG,HOU,TB,2.5,2.3,-1
2025,2,REG,LV,LAC,-3.5,-4.04,-11
2025,3,REG,BUF,MIA,12.5,8.45,10
2025,3,REG,CAR,ATL,-5.5,0.02,30
2025,3,REG,CLE,GB,-8.5,-2.45,3
2025,3,REG,JAX,HOU,1.5,0.2,7
2025,3,REG,MIN,CIN,3.0,1.82,38
2025,3,REG,NE,PIT,-1.5,-0.68,-7
2025,3,REG,PHI,LA,3.5,1.0,7
2025,3,REG,TB,NYJ,6.5,9.71,2
2025,3,REG,TEN,IND,-6.0,-4.24,-21
2025,3,REG,WAS,LV,2.5,7.84,17
2025,3,REG,LAC,DEN,2.5,5.47,3
2025,3,REG,SEA,NO,7.5,3.16,31
2025,3,REG,CHI,DAL,-1.5,-1.11,17
2025,3,REG,SF,ARI,1.5,5.87,1
2025,3,REG,NYG,KC,-6.0,1.3,-13
2025,3,REG,BAL,DET,4.5,3.78,-8
2025,4,REG,ARI,SEA,-1.5,-1.53,-3
2025,4,REG,PIT,MIN,-2.5,2.58,3
2025,4,REG,ATL,WAS,2.5,-1.56,7
2025,4,REG,BUF,NO,15.5,8.59,12
2025,4,REG,DET,CLE,10.0,6.54,24
2025,4,REG,HOU,TEN,7.5,11.53,26
2025,4,REG,NE,CAR,5.5,4.05,29
2025,4,REG,NYG,LAC,-6.0,-1.23,3
2025,4,REG,TB,PHI,-3.5,1.31,-6
2025,4,REG,LA,IND,3.5,6.07,7
2025,4,REG,SF,JAX,3.5,1.21,-5
2025,4,REG,KC,BAL,-2.5,-2.82,17
2025,4,REG,LV,CHI,1.5,-1.4,-1
2025,4,REG,DAL,GB,-7.0,2.66,0
2025,4,REG,MIA,NYJ,2.5,6.07,6
2025,4,REG,DEN,CIN,7.5,0.4,25
2025,5,REG,LA,SF,8.5,4.13,-3
2025,5,REG,CLE,MIN,-3.5,-2.59,-4
2025,5,REG,BAL,HOU,-2.5,2.43,-34
2025,5,REG,CAR,MIA,-1.5,0.2,3
2025,5,REG,IND,LV,7.0,4.76,34
2025,5,REG,NO,NYG,1.5,1.47,12
2025,5,REG,NYJ,DAL,1.5,-5.85,-15
2025,5,REG,PHI,DEN,3.5,6.48,-4
2025,5,REG,ARI,TEN,7.5,5.38,-1
2025,5,REG,SEA,TB,3.5,-0.63,-3
2025,5,REG,CIN,DET,-10.5,-0.68,-13
2025,5,REG,LAC,WAS,2.5,1.27,-17
2025,5,REG,BUF,NE,7.5,7.59,-3
2025,5,REG,JAX,KC,-3.5,3.97,3
2025,6,REG,NYG,PHI,-7.0,-2.25,17
2025,6,REG,NYJ,DEN,-7.5,-3.61,-2
2025,6,REG,BAL,LA,-7.0,1.97,-14
2025,6,REG,CAR,DAL,-3.0,-2.97,3
2025,6,REG,IND,ARI,8.5,3.94,4
2025,6,REG,JAX,SEA,-1.5,3.13,-8
2025,6,REG,MIA,LAC,-3.5,-1.31,-2
2025,6,REG,NO,NE,-3.5,0.69,-6
2025,6,REG,PIT,CLE,5.5,6.87,14
2025,6,REG,LV,TEN,3.5,4.56,10
2025,6,REG,GB,CIN,14.0,3.37,9
2025,6,REG,TB,SF,3.5,3.06,11
2025,6,REG,KC,DET,2.5,-0.73,13
2025,6,REG,ATL,BUF,-3.5,-4.89,10
2025,6,REG,WAS,CHI,5.5,4.75,-1
2025,7,REG,CIN,PIT,-5.5,-1.02,2
2025,7,REG,JAX,LA,-3.0,-1.96,-28
2025,7,REG,CHI,NO,4.5,2.2,12
2025,7,REG,CLE,MIA,2.5,-0.25,25
2025,7,REG,KC,LV,13.5,4.9,31
2025,7,REG,MIN,PHI,-2.5,-1.68,-6
2025,7,REG,NYJ,CAR,1.5,-1.19,-7
2025,7,REG,TEN,NE,-6.5,-4.76,-18
2025,7,REG,DEN,NYG,7.5,0.84,1
2025,7,REG,LAC,IND,2.5,4.36,-14
2025,7,REG,ARI,GB,-7.0,-2.42,-4
2025,7,REG,DAL,WAS,1.5,1.44,22
2025,7,REG,SF,ATL,1.5,3.79,10
2025,7,REG,DET,TB,6.0,0.95,15
2025,7,REG,SEA,HOU,3.0,-1.23,8
2025,8,REG,LAC,MIN,3.0,4.05,27
2025,8,REG,ATL,MIA,7.0,1.87,-24
2025,8,REG,BAL,CHI,2.5,6.32,14
2025,8,REG,CAR,BUF,-7.0,-6.56,-31
2025,8,REG,CIN,NYJ,5.5,6.6,-1
2025,8,REG,HOU,SF,2.5,3.67,11
2025,8,REG,NE,CLE,7.0,4.5,19
2025,8,REG,PHI,NYG,7.0,5.63,18
2025,8,REG,NO,TB,-4.5,-2.09,-20
2025,8,REG,DEN,DAL,3.5,-2.24,20
2025,8,REG,IND,TEN,15.5,7.62,24
2025,8,REG,PIT,GB,-3.0,2.73,-10
2025,8,REG,KC,WAS,10.5,-1.25,21
2025,9,REG,MIA,BAL,-7.5,-3.29,-22
2025,9,REG,CIN,CHI,-3.0,1.86,-5
2025,9,REG,DET,MIN,9.5,3.94,-3
2025,9,REG,GB,CAR,12.5,5.39,-3
2025,9,REG,HOU,DEN,1.5,6.71,-3
2025,9,REG,NE,ATL,5.5,2.38,1
2025,9,REG,NYG,SF,-2.5,-0.5,-10
2025,9,REG,PIT,IND,-3.5,4.59,7
2025,9,REG,TEN,LAC,-10.0,-6.9,-7
2025,9,REG,LA,NO,14.0,6.55,24
2025,9,REG,LV,JAX,-2.5,-3.79,-1
2025,9,REG,BUF,KC,-2.5,7.97,7
2025,9,REG,WAS,SEA,-2.5,3.8,-24
2025,9,REG,DAL,ARI,3.5,6.77,-10
2025,10,REG,DEN,LV,9.5,3.65,3
2025,10,REG,IND,ATL,6.5,0.16,6
2025,10,REG,CAR,NO,5.5,0.34,-10
2025,10,REG,CHI,NYG,4.5,1.97,4
2025,10,REG,HOU,JAX,-1.5,3.18,7
2025,10,REG,MIA,BUF,-8.5,-5.06,17
2025,10,REG,MIN,BAL,-4.5,-2.64,-8
2025,10,REG,NYJ,CLE,-1.5,-0.74,7
2025,10,REG,TB,NE,2.5,4.48,-5
2025,10,REG,SEA,ARI,7.0,4.92,22
2025,10,REG,SF,LA,-5.5,-0.75,-16
2025,10,REG,WAS,DET,-8.5,2.21,-22
2025,10,REG,LAC,PIT,3.0,1.46,15
2025,10,REG,GB,PHI,1.5,-0.13,-3
2025,11,REG,NE,NYJ,12.5,6.93,13
2025,11,REG,MIA,WAS,2.5,-3.43,3
2025,11,REG,ATL,CAR,4.5,3.37,-3
2025,11,REG,BUF,TB,6.0,4.81,12
2025,11,REG,JAX,LAC,-3.0,1.44,29
2025,11,REG,MIN,CHI,3.0,1.98,-2
2025,11,REG,NYG,GB,-7.5,-0.43,-7
2025,11,REG,PIT,CIN,5.5,4.4,22
2025,11,REG,TEN,HOU,-5.5,-8.14,-3
2025,11,REG,ARI,SF,-3.5,-2.49,-19
2025,11,REG,LA,SEA,3.0,5.08,2
2025,11,REG,CLE,BAL,-7.5,-5.24,-7
2025,11,REG,DEN,KC,-3.5,0.45,3
2025,11,REG,PHI,DET,2.5,2.81,7
2025,11,REG,LV,DAL,-3.5,-4.2,-17
2025,12,REG,HOU,BUF,-5.5,-0.82,4
2025,12,REG,BAL,NYJ,14.0,11.06,13
2025,12,REG,CHI,PIT,3.0,-1.18,3
2025,12,REG,CIN,NE,-7.5,1.36,-6
2025,12,REG,DET,NYG,14.0,4.51,7
2025,12,REG,GB,MIN,6.5,3.24,17
2025,12,REG,KC,IND,3.5,1.83,3
2025,12,REG,TEN,SEA,-12.5,-5.22,-6
2025,12,REG,ARI,JAX,-2.5,-2.97,-3
2025,12,REG,LV,CLE,3.0,0.91,-14
2025,12,REG,DAL,PHI,-3.0,0.84,3
2025,12,REG,NO,ATL,1.5,1.37,-14
2025,12,REG,LA,TB,7.0,2.76,27
2025,12,REG,SF,CAR,7.5,5.46,11
2025,13,REG,DET,GB,2.5,2.4,-7
2025,13,REG,DAL,KC,-3.5,4.38,3
2025,13,REG,BAL,CIN,7.0,6.15,-18
2025,13,REG,PHI,CHI,7.0,5.35,-9
2025,13,REG,CAR,LA,-10.0,-4.51,3
2025,13,REG,CLE,SF,-5.5,-2.52,-18
2025,13,REG,IND,HOU,3.0,-2.22,-4
2025,13,REG,MIA,NO,5.5,1.83,4
2025,13,REG,NYJ,ATL,-3.0,-2.86,3
2025,13,REG,TB,ARI,4.5,7.24,3
2025,13,REG,TEN,JAX,-6.0,-6.65,-22
2025,13,REG,SEA,MIN,12.5,2.36,26
2025,13,REG,LAC,LV,10.0,7.43,17
2025,13,REG,PIT,BUF,-3.0,-1.83,-19
2025,13,REG,WAS,DEN,-6.5,5.88,-1
2025,13,REG,NE,NYG,7.0,2.47,18
2025,14,REG,DET,DAL,3.5,1.43,14
2025,14,REG,ATL,SEA,-7.0,0.55,-28
2025,14,REG,BAL,PIT,5.5,3.44,-5
2025,14,REG,CLE,TEN,4.5,5.34,-2
2025,14,REG,GB,CHI,6.5,3.53,7
2025,14,REG,JAX,IND,-2.5,4.11,17
2025,14,REG,MIN,WAS,-1.5,-1.08,31
2025,14,REG,NYJ,MIA,-2.5,-2.68,-24
2025,14,REG,TB,NO,7.5,5.48,-4
2025,14,REG,LV,DEN,-8.5,-0.27,-7
2025,14,REG,ARI,LA,-9.5,-4.92,-28
2025,14,REG,BUF,CIN,6.0,7.92,5
2025,14,REG,KC,HOU,4.5,-2.08,-10
2025,14,REG,LAC,PHI,-1.5,0.68,3
2025,15,REG,TB,ATL,6.0,5.16,-1
2025,15,REG,CHI,CLE,7.5,4.0,28
2025,15,REG,CIN,BAL,-2.5,-2.77,-24
2025,15,REG,HOU,ARI,10.5,7.85,20
2025,15,REG,JAX,NYJ,13.5,8.82,28
2025,15,REG,KC,LAC,5.5,-0.84,-3
2025,15,REG,NE,BUF,-2.5,-4.2,-4
2025,15,REG,NYG,WAS,2.5,-1.65,-8
2025,15,REG,PHI,LV,12.5,8.44,31
2025,15,REG,DEN,GB,-1.5,-1.28,8
2025,15,REG,LA,DET,5.5,3.5,7
2025,15,REG,NO,CAR,-2.5,3.05,3
2025,15,REG,SEA,IND,13.5,2.68,2
2025,15,REG,SF,TEN,12.5,9.56,13
2025,15,REG,DAL,MIN,5.5,4.21,-8
2025,15,REG,PIT,MIA,3.0,4.93,13
2025,16,REG,SEA,LA,1.5,-1.7,1
2025,16,REG,CHI,GB,1.5,-0.14,6
2025,16,REG,WAS,PHI,-7.0,1.1,-11
2025,16,REG,BAL,NE,3.5,5.82,-4
2025,16,REG,CAR,TB,-3.0,-3.45,3
2025,16,REG,CLE,BUF,-10.5,-7.01,-3
2025,16,REG,DAL,LAC,1.5,1.86,-17
2025,16,REG,NO,NYJ,6.5,5.93,23
2025,16,REG,NYG,MIN,-2.5,1.12,-3
2025,16,REG,TEN,KC,-3.5,-4.38,17
2025,16,REG,ARI,ATL,-2.5,-0.39,-7
2025,16,REG,DEN,JAX,3.5,-1.83,-14
2025,16,REG,DET,PIT,7.5,1.36,-5
2025,16,REG,HOU,LV,14.5,8.67,2
2025,16,REG,MIA,CIN,-3.5,1.16,-24
2025,16,REG,IND,SF,-4.5,-0.24,-21
2025,17,REG,WAS,DAL,-8.5,1.95,-7
2025,17,REG,MIN,DET,-7.0,-0.56,13
2025,17,REG,KC,DEN,-13.5,2.94,-7
2025,17,REG,CAR,SEA,-6.5,-1.12,-17
2025,17,REG,CIN,ARI,7.0,4.13,23
2025,17,REG,CLE,PIT,-4.5,-3.49,7
2025,17,REG,GB,BAL,2.5,-1.09,-17
2025,17,REG,IND,JAX,-3.5,-0.72,-6
2025,17,REG,LAC,HOU,1.5,0.45,-4
2025,17,REG,LV,NYG,-3.0,-1.11,-24
2025,17,REG,MIA,TB,-5.5,-1.95,3
2025,17,REG,NYJ,NE,-12.5,-3.54,-32
2025,17,REG,TEN,NO,-1.5,-3.76,-8
2025,17,REG,BUF,PHI,3.0,4.43,-1
2025,17,REG,SF,CHI,3.5,3.6,4
2025,17,REG,ATL,LA,-7.5,-2.84,3
2025,18,REG,ATL,NO,4.5,2.01,2
2025,18,REG,BUF,NYJ,12.5,12.82,27
2025,18,REG,CHI,DET,3.5,-0.85,-3
2025,18,REG,CIN,CLE,9.5,4.16,-2
2025,18,REG,DEN,LAC,14.5,-2.08,16
2025,18,REG,HOU,IND,9.5,5.6,8
2025,18,REG,JAX,TEN,12.5,10.04,34
2025,18,REG,LA,ARI,14.5,8.31,17
2025,18,REG,LV,KC,-3.5,-1.51,2
2025,18,REG,MIN,GB,12.5,0.14,13
2025,18,REG,NE,MIA,14.0,2.55,28
2025,18,REG,NYG,DAL,-3.0,-1.4,17
2025,18,REG,PHI,WAS,3.0,2.29,-7
2025,18,REG,PIT,BAL,-4.5,-0.06,2
2025,18,REG,SF,SEA,-2.5,2.64,-10
2025,18,REG,TB,CAR,3.0,6.83,2
2025,19,WC,CHI,GB,-2.5,-0.14,4
2025,19,WC,JAX,BUF,1.5,-2.31,-3
2025,19,WC,PHI,SF,6.0,3.44,-4
2025,19,WC,NE,LAC,3.5,-0.45,13
2025,19,WC,PIT,HOU,-3.0,0.68,-24
2025,19,WC,CAR,LA,-10.0,-4.51,-3
2025,20,DIV,DEN,BUF,1.5,-5.83,3
2025,20,DIV,SEA,SF,6.5,0.74,35
2025,20,DIV,CHI,LA,-3.5,-2.65,-3
2025,20,DIV,NE,HOU,3.0,-1.69,12
2025,21,CON,DEN,NE,-3.5,0.07,-3
2025,21,CON,SEA,LA,2.5,-1.7,4
2025,22,SB,NE,SEA,-4.5,-0.46,-16
